
Daily commit on Wed Nov 12 14:52:59 UTC 2025
Daily commit on Thu Nov 13 12:28:32 UTC 2025
Daily commit on Fri Nov 14 12:27:54 UTC 2025
Daily commit on Sat Nov 15 12:23:53 UTC 2025
Daily commit on Sun Nov 16 12:24:05 UTC 2025
Daily commit on Mon Nov 17 12:28:14 UTC 2025
Daily commit on Tue Nov 18 12:28:49 UTC 2025
Daily commit on Wed Nov 19 12:28:20 UTC 2025
Daily commit on Thu Nov 20 12:28:06 UTC 2025
Daily commit on Fri Nov 21 12:27:01 UTC 2025
Daily commit on Sat Nov 22 12:23:17 UTC 2025
Daily commit on Sun Nov 23 12:23:17 UTC 2025
Daily commit on Mon Nov 24 12:28:33 UTC 2025
Daily commit on Tue Nov 25 12:29:10 UTC 2025
Daily commit on Wed Nov 26 12:29:14 UTC 2025
Daily commit on Thu Nov 27 12:28:49 UTC 2025
Daily commit on Fri Nov 28 12:27:47 UTC 2025
